<?xml version="1.0" encoding="UTF-8"?>
<project-private xmlns="http://www.netbeans.org/ns/project-private/1">
    <editor-bookmarks xmlns="http://www.netbeans.org/ns/editor-bookmarks/1"/>
    <editor-bookmarks xmlns="http://www.netbeans.org/ns/editor-bookmarks/2" lastBookmarkId="0"/>
    <open-files xmlns="http://www.netbeans.org/ns/projectui-open-files/2">
        <group>
            <file>file:/D:/Bahan%20Kuliah/Semester%204/Pemrograman%20Basis%20Web/Latihan5/src/java/ShowCookies.java</file>
            <file>file:/D:/Bahan%20Kuliah/Semester%204/Pemrograman%20Basis%20Web/Latihan5/src/java/OrderServlet.java</file>
            <file>file:/D:/Bahan%20Kuliah/Semester%204/Pemrograman%20Basis%20Web/Latihan5/src/java/ServletUtilities.java</file>
            <file>file:/D:/Bahan%20Kuliah/Semester%204/Pemrograman%20Basis%20Web/Latihan5/src/java/DeleteCookies.java</file>
            <file>file:/D:/Bahan%20Kuliah/Semester%204/Pemrograman%20Basis%20Web/Latihan5/src/java/SetCookies.java</file>
        </group>
    </open-files>
</project-private>
